revenue,imdb_rating,wiki_sv,wiki_en,production_budget,sf_rating,mpaa_rating,director,writer,actor,seasonal_index
5992286.0,7.4,991.0,287758.0,0,0,3,0,0,346.0,2.194908423
2099748.0,7.3,429.0,0,160000000.0,3.54,2,0,0,114.0,0.7147995517
1732438.0,7.7,146.0,110428.0,200000000.0,3.19,3,0,0,177.0,0.6549129108
1365779.0,7.5,268.0,85493.0,175000000.0,3.11,3,0,1935.0,439.0,1.040695421
1283868.0,7.9,253.0,133789.0,180000000.0,3.13,3,247.0,0,128.0,1.284840139
1601982.0,6.3,309.0,32483.0,80000000.0,0,2,0,0,594.0,0.7194038481
1205843.0,8.1,8.0,2871.0,97000000.0,3.62,4,0,0,99.0,0.7147995517
2017790.0,6.7,1247.0,248525.0,250000000.0,2.33,3,0,0,188.0,0.6549129108
1345430.0,8.5,21.0,499.0,0,3.82,2,0,0,1402.0,0.996680935
354577.0,7.7,4.0,534.0,4500000.0,4.14,4,1725.0,1725.0,895.0,0.6549129108
530026.0,6.3,1.0,24644.0,0,2.79,2,0,0,1374.0,0.6549129108
1282219.0,6.6,671.0,90915.0,230000000.0,2.39,3,0,0,853.0,0.6532841
1253655.0,6.8,164.0,6122.0,0,2.86,1,0,0,929.0,0.9029712391
277600.0,7.3,104.0,2815.0,9000000.0,2.74,3,1136.0,1136.0,98.0,0.9241723657
594874.0,5.2,139.0,217560.0,217000000.0,1.88,3,1448.0,0,634.0,0.7194038481
77126.0,8.0,0,286.0,0,3.03,2,0,0,936.0,0.996680935
160036.0,6.3,0,2411.0,19000000.0,2.67,4,0,0,1383.0,0.9029712391
1622542.0,4.6,0,47949.0,55000000.0,1.71,4,0,0,354.0,0.996680935
553951.0,7.8,0,84871.0,84000000.0,2.92,2,0,0,66.0,2.194908423
390098.0,7.7,0,26182.0,34000000.0,4.1,4,742.0,742.0,535.0,1.040695421
154515.0,6.0,0,12242.0,69000000.0,1.64,3,0,0,385.0,0.9732969783
780238.0,6.6,325.0,12.0,55000000.0,2.47,3,510.0,0,702.0,0.9732969783
247168.0,6.0,0,21456.0,45000000.0,1.78,3,0,0,853.0,0.9241723657
132975.0,7.5,50.0,396.0,0,2.6,4,0,0,708.0,0.996680935
1011653.0,8.1,677.0,108136.0,150000000.0,3.64,4,1200.0,0,265.0,1.284840139
506841.0,3.1,0,27383.0,50000000.0,1.17,2,0,0,809.0,0.9400340884
46275.0,6.0,0,0,100000000.0,2.1,3,0,0,726.0,0.6549129108
455080.0,5.5,187.0,41.0,125000000.0,1.57,3,0,0,140.0,0.7194038481
837300.0,6.5,7.0,102572.0,97000000.0,2.74,4,587.0,0,283.0,0.6532841
354371.0,5.6,121.0,11095.0,69000000.0,1.59,4,0,0,40.0,0.7194038481
169670.0,6.5,0,55798.0,4800000.0,0,3,0,0,649.0,1.284840139
370543.0,7.2,0,210.0,50000000.0,2.85,4,0,0,163.0,0.9400340884
261819.0,5.7,7.0,467.0,60000000.0,1.88,3,0,0,197.0,0.9400340884
338443.0,6.0,0,158.0,150000000.0,2.21,3,0,0,657.0,0.996680935
513170.0,5.9,41.0,7838.0,60000000.0,2.17,2,0,0,395.0,0.7147995517
467523.0,5.2,0,0,85000000.0,3.18,3,0,0,1072.0,0.9241723657
44856.0,7.6,0,8409.0,0,3.44,4,0,0,1153.0,0.9029712391
433096.0,6.5,247.0,33965.0,177200000.0,2.0,3,0,0,323.0,0.9400340884
192427.0,7.4,274.0,151.0,0,3.29,3,0,0,713.0,0.996680935
369235.0,6.4,224.0,0,110000000.0,2.63,3,0,0,77.0,0.7147995517
89313.0,7.6,0,98.0,0,4.15,4,782.0,782.0,190.0,0.7147995517
227499.0,5.8,66.0,1498.0,10000000.0,0,4,0,0,0,1.284840139
150796.0,6.2,0,27431.0,33000000.0,3.31,4,0,0,660.0,0.9029712391
278789.0,8.2,350.0,41593.0,0,4.1,4,0,0,573.0,0.9241723657
266980.0,7.5,493.0,394.0,0,3.62,4,613.0,613.0,298.0,0.996680935
45118.0,5.8,0,21451.0,35000000.0,1.57,4,0,0,531.0,2.194908423
290559.0,6.6,0,0,58000000.0,3.65,4,0,0,132.0,0.7147995517
142936.0,4.5,1.0,618.0,25000000.0,1.56,3,0,0,227.0,0.996680935
40810.0,7.1,0,16037.0,29000000.0,2.96,3,1313.0,0,373.0,0.9400340884
126457.0,5.6,0,41795.0,40000000.0,1.92,4,0,0,570.0,0.996680935
166777.0,5.7,399.0,186.0,68000000.0,2.96,4,0,0,792.0,0.9241723657
102586.0,6.8,0,914.0,0,2.77,3,0,0,1982.0,0.9029712391
65036.0,5.2,77.0,22621.0,20000000.0,2.35,4,0,0,306.0,0.7194038481
385430.0,6.2,0,103.0,0,0,2,0,0,608.0,1.284840139
9820.0,5.6,0,84.0,0,1.75,4,0,0,836.0,0.6532841
64650.0,6.7,0,1.0,30000000.0,1.97,4,1608.0,1608.0,557.0,0.9029712391
24339.0,7.1,0,3000.0,0,2.52,3,0,0,492.0,0.9732969783
6710.0,7.2,8.0,6204.0,0,3.04,3,0,0,1048.0,0.6549129108
129724.0,6.4,0,51738.0,40000000.0,2.83,4,0,0,698.0,0.996680935
369063.0,5.1,1.0,865.0,35000000.0,2.53,4,0,0,577.0,1.284840139
72411.0,7.7,654.0,15423.0,0,4.28,4,899.0,899.0,465.0,0.996680935
1458.0,5.9,0,802.0,250000.0,0,4,0,0,0,0.9029712391
63809.0,6.8,113.0,2973.0,0,2.65,3,0,0,547.0,0.7147995517
11122.0,6.2,0,352.0,1000000.0,2.95,2,0,0,0,0.9732969783
99592.0,7.3,0,203.0,18000000.0,3.2,4,1785.0,0,1112.0,0.996680935
3832.0,6.3,0,24.0,0,2.81,2,0,0,405.0,0.9241723657
3205.0,6.9,0,128.0,0,3.36,3,0,0,0,2.194908423
3535653.0,7.8,1550.0,3005.0,200000000.0,3.45,3,0,0,1309.0,2.194908423
1625198.0,7.3,917.0,10994.0,0,3.25,2,0,0,0,0.9400340884
1226378.0,6.5,0,19409.0,75000000.0,2.89,2,0,0,837.0,0.9400340884
1924377.0,7.5,295.0,0,175000000.0,3.68,2,602.0,0,999.0,0.6549129108
1573886.0,8.0,281.0,208193.0,58000000.0,3.17,4,0,0,130.0,0.996680935
1330108.0,8.0,1.0,22336.0,0,3.64,2,0,0,466.0,0.996680935
540247.0,7.1,3.0,2632.0,75000000.0,2.67,2,0,0,742.0,2.194908423
1289041.0,7.6,6.0,668.0,0,3.53,2,0,0,380.0,0.996680935
856746.0,7.5,318.0,65081.0,165000000.0,2.91,3,0,0,418.0,1.284840139
1075059.0,6.6,355.0,28414.0,120000000.0,2.69,3,0,0,592.0,1.040695421
395161.0,7.1,156.0,110102.0,185000000.0,3.0,3,0,674.0,868.0,1.040695421
428997.0,6.5,7.0,237.0,125000000.0,2.68,2,0,0,318.0,1.284840139
588666.0,8.1,7.0,1170.0,30000000.0,4.28,3,0,0,257.0,0.9241723657
734400.0,7.1,99.0,16219.0,145000000.0,2.88,2,0,0,622.0,0.7147995517
279524.0,5.3,237.0,0,144000000.0,2.69,3,0,0,330.0,1.040695421
429056.0,6.3,0,20109.0,50000000.0,2.48,3,0,621.0,431.0,0.7194038481
1059161.0,5.2,249.0,110933.0,165000000.0,1.84,3,0,0,840.0,0.7194038481
350683.0,7.9,9.0,844.0,47000000.0,3.37,3,1200.0,0,283.0,2.194908423
76788.0,6.2,0,78774.0,19000000.0,2.73,4,0,0,472.0,0.9400340884
223064.0,5.9,0,10222.0,40000000.0,1.24,3,0,0,837.0,0.9241723657
224552.0,7.1,0,754.0,9900000.0,3.41,4,0,0,1141.0,0.9029712391
640319.0,6.7,232.0,47531.0,110000000.0,3.53,3,0,0,296.0,0.9029712391
89482.0,6.0,0,36387.0,10000000.0,2.3,4,0,0,583.0,1.040695421
223927.0,6.7,70.0,0,65000000.0,3.25,2,0,0,503.0,1.284840139
201107.0,6.5,98.0,0,45000000.0,2.58,4,0,0,200.0,0.9732969783
437000.0,6.3,8.0,192.0,4900000.0,2.65,3,0,0,204.0,0.9400340884
282716.0,5.7,48.0,14986.0,0,2.09,3,0,0,603.0,0.7147995517
278423.0,6.5,1.0,46495.0,0,2.48,3,0,0,1001.0,0.7194038481
774981.0,5.7,0,14933.0,105000000.0,2.24,2,0,0,0,1.040695421
158672.0,7.2,435.0,62869.0,110000000.0,2.72,3,0,0,447.0,0.9029712391
362143.0,6.2,0,0,38000000.0,2.54,4,0,0,175.0,2.194908423
390788.0,6.1,0,29701.0,60000000.0,2.33,3,0,0,253.0,1.284840139
113675.0,6.4,4.0,7889.0,140000000.0,2.2,2,83.0,0,442.0,1.040695421
65102.0,6.3,23.0,299.0,17000000.0,3.04,3,0,0,196.0,0.9029712391
67076.0,5.8,0,16221.0,45000000.0,2.09,4,0,0,378.0,2.194908423
824546.0,5.8,295.0,27463.0,125000000.0,1.76,3,0,0,799.0,0.9241723657
38112.0,7.3,0,9618.0,50000000.0,1.73,4,1448.0,0,47.0,0.996680935
367219.0,6.1,0,22349.0,115000000.0,1.98,3,0,0,91.0,0.6549129108
109458.0,7.8,78.0,7640.0,60000000.0,3.5,2,0,0,148.0,0.9029712391
1284953.0,6.9,76.0,12265.0,160000000.0,2.29,3,0,0,413.0,0.6532841
390813.0,6.1,13.0,388.0,38000000.0,2.0,4,0,1944.0,802.0,0.996680935
163288.0,6.0,0,6678.0,33000000.0,1.58,4,0,0,428.0,1.040695421
225145.0,7.1,0,1143.0,85000000.0,2.54,4,0,0,393.0,0.9732969783
70260.0,6.6,0,976.0,19000000.0,2.77,3,0,0,594.0,0.9400340884
95656.0,6.1,0,26720.0,9000000.0,2.5,3,0,0,0,1.284840139
251538.0,5.2,287.0,1074.0,38000000.0,1.89,3,0,0,101.0,0.9241723657
834795.0,6.2,68.0,1217.0,75000000.0,2.39,3,632.0,0,294.0,1.284840139
121633.0,6.3,0,15075.0,22000000.0,3.27,3,0,0,196.0,0.996680935
99444.0,4.7,84.0,4480.0,0,2.0,3,603.0,487.0,683.0,0.996680935
68196.0,4.8,0,888.0,10000000.0,1.88,3,0,0,207.0,0.9241723657
835388.0,6.6,0,34787.0,35000000.0,2.96,4,0,0,487.0,0.9029712391
89230.0,5.0,0,5370.0,5000000.0,2.23,4,0,0,0,0.9029712391
4298.0,7.1,0,0,0,3.06,3,0,0,758.0,1.040695421
58651.0,6.3,0,5344.0,0,2.67,4,0,0,1268.0,0.7147995517
111631.0,7.2,20.0,330.0,20000000.0,3.12,3,0,0,138.0,2.194908423
73198.0,7.5,0,89.0,0,3.87,4,0,0,279.0,0.9732969783
1828.0,7.4,0,1820.0,15000000.0,3.17,2,0,0,710.0,0.996680935
102134.0,6.2,0,572.0,0,2.52,4,0,1104.0,1089.0,0.996680935
169396.0,5.4,0,1328.0,0,2.57,4,0,0,0,0.9029712391
7825.0,7.2,108.0,141.0,0,2.94,3,0,0,1480.0,0.9400340884
15907.0,7.6,0,1130.0,0,2.88,4,0,0,0,0.6549129108
2924071.0,7.7,84.0,0,0,3.38,3,0,0,0,2.194908423
40931.0,7.2,37.0,191.0,0,4.11,4,0,0,162.0,0.9241723657
544.0,5.5,1.0,401.0,0,0,4,0,0,0,1.284840139
870.0,6.4,0,1223.0,0,2.93,4,0,0,0,0.9029712391
560.0,6.5,0,521.0,0,2.5,3,9.0,0,1492.0,0.9732969783
12242.0,7.0,0,59.0,0,4.01,4,0,0,238.0,2.194908423
21863.0,7.2,80.0,731.0,0,3.58,4,0,0,0,0.9029712391
13425.0,6.6,0,1.0,0,3.63,4,0,0,1606.0,2.194908423
3945455.0,8.0,2680.0,481641.0,245000000.0,3.79,3,1896.0,1896.0,310.0,2.194908423
1573914.0,7.0,0,0,150000000.0,2.89,3,0,0,47.0,0.7194038481
1617783.0,7.4,0,0,250000000.0,3.44,3,0,1556.0,357.0,0.6549129108
1092979.0,8.2,2.0,275.0,175000000.0,0,2,0,0,713.0,0.9400340884
1382926.0,7.2,0,0,190000000.0,1.98,3,0,0,165.0,0.6549129108
548481.0,6.4,0,938.0,74000000.0,2.83,2,0,0,615.0,1.040695421
480089.0,6.9,0,0,95000000.0,1.97,2,510.0,0,84.0,0.7147995517
2815877.0,6.8,25.0,4584.0,245000000.0,3.4,3,0,0,720.0,1.284840139
889100.0,7.4,371.0,497.0,150000000.0,3.43,3,0,0,153.0,1.040695421
228020.0,6.4,0,0,29000000.0,2.79,3,308.0,0,711.0,0.6532841
911530.0,8.0,1183.0,1302.0,135000000.0,3.76,4,0,0,363.0,0.9241723657
547623.0,7.3,261.0,27753.0,130000000.0,3.39,3,0,742.0,910.0,1.040695421
534341.0,6.7,0,0,135000000.0,2.65,2,0,0,1673.0,0.7147995517
544666.0,6.7,75.0,7748.0,80000000.0,2.46,2,0,223.0,807.0,1.284840139
2696028.0,4.1,0,0,40000000.0,2.03,4,0,0,354.0,0.996680935
242947.0,6.0,0,0,74000000.0,2.56,2,0,0,426.0,0.996680935
267029.0,7.9,66.0,12902.0,28000000.0,3.11,4,0,0,667.0,0.9029712391
408882.0,6.1,0,0,110000000.0,2.19,3,1617.0,0,81.0,0.6532841
599811.0,8.1,0,0,150000000.0,0,4,0,0,304.0,0.6532841
580867.0,6.2,0,0,110000000.0,2.69,3,0,0,613.0,0.7147995517
384910.0,7.1,23.0,6860.0,99000000.0,2.73,1,0,0,0,2.194908423
501633.0,7.7,0,0,81000000.0,2.93,4,0,0,743.0,0.9241723657
333327.0,7.0,0,0,65000000.0,3.03,4,0,0,543.0,0.7194038481
57133.0,6.2,5.0,188.0,35000000.0,0,4,1341.0,68.0,277.0,0.9400340884
88580.0,7.6,6.0,999.0,35000000.0,3.61,3,0,0,213.0,0.996680935
181447.0,6.5,0,0,190000000.0,2.85,2,1450.0,1450.0,765.0,0.6532841
354708.0,6.5,0,0,155000000.0,0,3,0,0,405.0,0.7194038481
751955.0,6.0,0,0,48000000.0,1.77,3,0,0,142.0,0.9241723657
841197.0,5.1,72.0,3601.0,0,1.83,2,0,0,1490.0,0.996680935
630450.0,6.3,74.0,31526.0,61000000.0,2.33,3,0,0,265.0,0.9029712391
322627.0,6.3,160.0,22610.0,68000000.0,2.72,4,1592.0,1592.0,847.0,1.040695421
153417.0,5.6,61.0,660.0,88000000.0,0,3,0,0,347.0,0.9400340884
509781.0,7.2,0,0,55000000.0,3.93,2,0,0,214.0,0.9241723657
194870.0,7.6,334.0,304.0,40000000.0,3.33,3,83.0,0,309.0,0.9732969783
51497.0,4.4,0,0,30000000.0,1.28,2,0,0,0,0.6532841
187336.0,7.8,234.0,15337.0,28000000.0,3.75,4,0,0,254.0,0.9241723657
231372.0,5.6,113.0,37873.0,14800000.0,2.4,4,0,0,479.0,1.040695421
116936.0,6.7,0,0,23000000.0,1.86,4,0,0,838.0,0.996680935
240896.0,6.9,0,1677.0,53000000.0,3.36,4,0,0,222.0,0.9029712391
145540.0,6.1,226.0,460.0,31000000.0,0,4,0,1764.0,1780.0,0.9029712391
211384.0,6.6,8.0,2112.0,60000000.0,2.63,3,0,0,267.0,2.194908423
228588.0,4.3,45.0,42563.0,120000000.0,2.35,3,0,0,413.0,0.9400340884
638973.0,7.8,409.0,61150.0,44000000.0,3.32,4,206.0,206.0,428.0,0.9241723657
309065.0,6.6,0,0,50100000.0,2.26,4,0,0,122.0,0.7147995517
80731.0,7.4,3.0,773.0,30000000.0,2.71,4,1442.0,0,183.0,0.9400340884
123861.0,6.1,0,0,10000000.0,1.85,3,0,0,0,0.7194038481
63677.0,4.9,0,0,35000000.0,2.36,3,0,83.0,470.0,0.6532841
254331.0,5.3,0,0,176000000.0,1.26,3,1998.0,1998.0,523.0,0.996680935
141363.0,7.6,157.0,1185.0,30000000.0,3.38,4,1200.0,1728.0,186.0,0.9029712391
138833.0,7.3,0,429.0,75000000.0,0,3,1670.0,1670.0,205.0,0.9400340884
44590.0,8.1,3.0,476.0,0,4.09,4,0,0,696.0,0.996680935
357685.0,7.1,0,2.0,55000000.0,2.9,3,0,0,864.0,0.9029712391
74703.0,6.4,2.0,340.0,25000000.0,2.0,4,0,0,535.0,2.194908423
11975.0,7.2,0,0,0,2.24,3,0,0,422.0,0.7194038481
51748.0,7.5,58.0,4773.0,0,3.36,3,0,0,204.0,0.996680935
27152.0,5.1,0,0,35000000.0,1.57,3,0,0,599.0,0.6532841
48913.0,6.5,0,0,8500000.0,3.03,3,0,0,387.0,0.6549129108
63031.0,7.3,0,5991.0,11000000.0,3.12,3,0,0,390.0,1.040695421
138021.0,6.6,0,0,10000000.0,2.46,2,0,0,1466.0,0.7147995517
217398.0,8.5,0,0,30000000.0,0,4,0,0,0,0.7194038481
175150.0,6.8,0,0,49000000.0,3.09,4,0,0,99.0,0.7147995517
236615.0,6.5,0,91463.0,55000000.0,3.01,4,613.0,613.0,570.0,1.284840139
143554.0,5.3,0,0,105000000.0,0,3,0,0,0,0.996680935
78394.0,5.3,106.0,34938.0,10000000.0,0,4,0,0,0,0.9400340884
60240.0,6.8,0,452.0,0,1.57,4,0,0,1281.0,0.9029712391
45133.0,5.9,0,4171.0,18000000.0,2.83,3,0,0,579.0,0.9029712391
204528.0,6.6,0,0,50000000.0,2.56,4,0,0,385.0,0.6549129108
177642.0,5.7,55.0,25616.0,35000000.0,1.93,4,0,0,1496.0,0.9400340884
36940.0,8.2,23.0,0,19500000.0,2.44,3,0,0,0,0.7147995517
261520.0,7.4,0,0,0,3.97,2,0,0,0,0.996680935
62349.0,7.5,0,0,5000000.0,3.58,3,0,0,902.0,0.7147995517
50045.0,7.2,611.0,32218.0,30000000.0,3.51,4,1785.0,1930.0,310.0,0.9241723657
78043.0,5.5,0,0,95000000.0,1.75,3,0,0,816.0,0.996680935
31033.0,5.2,0,1789.0,0,1.67,3,0,0,746.0,1.284840139
43872.0,8.2,371.0,461.0,0,4.01,4,0,0,322.0,0.7147995517
121277.0,7.2,1.0,660.0,0,4.26,4,0,0,300.0,2.194908423
6869.0,7.4,0,73.0,0,3.35,3,0,1553.0,981.0,0.9400340884
12841.0,7.1,0,7201.0,0,3.43,3,0,0,419.0,1.040695421
166258.0,7.1,1190.0,1161.0,0,3.19,4,0,0,364.0,0.996680935
92942.0,7.3,4.0,1041.0,35000000.0,3.67,2,0,0,729.0,1.284840139
46121.0,7.8,4.0,243.0,0,4.45,4,0,1273.0,1273.0,1.040695421
53701.0,5.4,0,0,70000000.0,2.03,4,1636.0,0,109.0,0.9241723657
62682.0,6.3,0,0,0,3.78,4,0,0,543.0,0.6532841
11149.0,6.7,70.0,856.0,600000.0,3.63,4,0,0,1631.0,1.284840139
4652.0,6.3,0,0,0,1.6,4,0,0,776.0,0.7194038481
147770.0,6.9,0,3242.0,0,3.71,3,0,0,526.0,0.9241723657
56630.0,7.1,0,0,22500000.0,2.49,4,489.0,0,467.0,0.6532841
6586.0,5.9,0,0,0,0,3,0,0,0,0.9400340884
56563.0,7.0,80.0,1074.0,0,2.5,4,0,0,276.0,0.9732969783
21252.0,7.3,0,0,0,3.21,3,0,0,483.0,0.6549129108
11833.0,6.9,0,1125.0,0,3.92,4,0,0,387.0,2.194908423
25482.0,7.2,0,0,0,3.74,4,0,0,0,1.284840139
106954.0,6.5,0,0,0,2.29,4,0,0,229.0,0.6532841
7226.0,6.4,0,0,0,2.79,4,0,0,682.0,0.6549129108
2928284.0,7.1,0,0,0,3.24,4,0,0,0,2.194908423
11391.0,7.3,0,156.0,0,3.03,4,0,0,0,0.9400340884
10013.0,6.3,0,29.0,0,3.31,0,0,0,1073.0,0.9241723657
5853.0,6.7,0,241.0,0,3.04,3,0,0,0,0.9400340884
9743.0,5.2,8.0,196.0,10000000.0,4.51,4,301.0,301.0,575.0,0.9732969783
13529.0,0,0,0,0,3.05,3,0,0,0,0.6532841
184075.0,7.0,0,0,0,3.9,3,0,0,0,0.9732969783
11795.0,6.2,98.0,192.0,0,0,4,0,0,332.0,0.9400340884
8562.0,7.1,0,54.0,0,0,0,0,0,0,1.040695421
22219.0,6.7,0,0,0,2.86,4,0,0,1427.0,0.6532841
15801.0,8.3,94.0,11.0,0,3.92,0,0,0,0,0.9029712391
16229.0,6.1,0,0,0,2.45,4,0,0,543.0,0.7194038481
46220.0,6.7,0,0,0,2.98,4,0,0,347.0,0.9029712391
37218.0,5.4,0,0,0,2.58,3,0,0,629.0,0.6532841
45119.0,7.2,0,0,0,2.45,4,0,0,659.0,1.284840139
11401.0,7.4,0,0,0,2.83,0,0,0,0,1.040695421
592376.0,7.3,0,0,58800000.0,2.39,4,258.0,0,742.0,0.9241723657
2479542.0,6.7,0,0,125000000.0,3.41,3,0,0,520.0,0.9732969783
1203350.0,8.1,0,0,170000000.0,2.86,3,0,0,316.0,0.9400340884
662301.0,7.8,0,0,170000000.0,0,3,1849.0,0,198.0,0.7147995517
683843.0,7.8,0,0,60000000.0,3.15,2,0,0,274.0,0.996680935
3590848.0,7.4,0,0,0,2.89,3,1703.0,0,1016.0,2.194908423
665419.0,5.7,0,0,210000000.0,0,3,1448.0,0,298.0,1.040695421
570384.0,7.0,0,0,180000000.0,2.72,2,0,0,231.0,0.6532841
933813.0,8.0,0,0,200000000.0,0,3,0,0,1010.0,0.6532841
1008111.0,7.8,0,0,165000000.0,3.69,2,0,0,0,0.9241723657
981934.0,7.6,0,0,170000000.0,3.45,3,0,0,296.0,1.040695421
1035953.0,6.7,0,0,0,2.74,3,0,0,612.0,0.6549129108
845286.0,6.4,0,0,160000000.0,2.23,3,0,0,391.0,0.6532841
504222.0,7.0,0,0,50000000.0,2.58,4,0,0,573.0,0.7194038481
578121.0,5.8,0,0,125000000.0,1.9,3,0,0,1048.0,0.9400340884
1366682.0,8.6,0,0,165000000.0,3.6,3,332.0,332.0,172.0,0.9732969783
1140226.0,7.8,0,0,145000000.0,2.94,2,0,0,622.0,1.040695421
578479.0,8.1,0,0,61000000.0,3.6,4,779.0,0,324.0,1.284840139
457362.0,6.7,0,0,85000000.0,2.69,3,0,0,479.0,0.6549129108
339414.0,6.3,0,0,18000000.0,0,4,0,0,244.0,0.6532841
725902.0,6.3,0,0,103000000.0,2.65,1,0,0,826.0,0.6549129108
98362.0,6.0,0,0,50000000.0,2.61,2,0,0,317.0,0.6549129108
409811.0,6.4,0,0,40000000.0,2.49,4,0,0,367.0,0.9400340884
297673.0,7.8,0,0,12000000.0,3.35,3,0,0,473.0,0.7194038481
360496.0,7.2,0,0,65000000.0,2.64,3,301.0,0,228.0,0.9241723657
346695.0,6.2,0,0,127000000.0,2.89,2,0,0,724.0,0.996680935
382985.0,6.8,0,0,145000000.0,3.23,2,0,0,0,0.7147995517
685514.0,6.2,0,0,110000000.0,1.82,4,0,0,363.0,0.7147995517
653345.0,6.8,0,0,34000000.0,2.46,3,0,0,414.0,0.9029712391
329316.0,7.2,0,0,55000000.0,2.42,4,1442.0,0,286.0,0.9029712391
708699.0,5.8,0,0,125000000.0,2.31,3,1608.0,1608.0,432.0,0.6549129108
451149.0,7.9,0,0,178000000.0,2.88,3,0,0,413.0,0.7194038481
254899.0,7.0,0,0,50000000.0,2.7,3,0,0,525.0,0.6549129108
340803.0,8.0,0,0,0,3.45,3,0,0,271.0,0.9241723657
816838.0,5.6,0,0,40000000.0,1.79,3,0,0,399.0,0.9732969783
117804.0,5.3,0,0,65000000.0,2.17,2,0,0,577.0,0.6549129108
603696.0,7.6,0,0,68000000.0,2.45,4,0,0,214.0,1.284840139
416310.0,5.4,0,0,6500000.0,2.58,4,0,0,266.0,1.284840139
462852.0,6.0,0,0,40000000.0,2.17,3,0,0,484.0,0.6549129108
520808.0,6.7,0,0,132000000.0,2.56,2,0,0,0,2.194908423
414464.0,6.5,0,0,17000000.0,0,4,0,0,848.0,0.9029712391
501552.0,6.1,0,0,70000000.0,1.95,3,429.0,429.0,554.0,0.996680935
154476.0,6.0,0,0,100000000.0,2.59,3,0,0,656.0,1.040695421
114303.0,6.5,0,0,9000000.0,2.72,4,0,0,492.0,1.040695421
768417.0,6.0,0,0,140000000.0,2.27,3,587.0,0,250.0,2.194908423
92300.0,5.8,0,938.0,42000000.0,0,2,0,0,854.0,1.040695421
496316.0,8.1,0,0,25000000.0,4.08,4,112.0,112.0,821.0,0.7147995517
692317.0,6.0,0,0,50000000.0,2.17,2,0,0,811.0,0.9400340884
555296.0,6.2,0,0,100000000.0,2.54,3,0,0,481.0,0.996680935
455109.0,6.3,0,0,70000000.0,1.81,3,0,0,332.0,1.284840139
111865.0,7.3,0,0,22000000.0,0,2,0,0,785.0,0.9029712391
110392.0,4.5,0,0,5000000.0,1.53,3,0,0,19.0,1.284840139
156416.0,6.8,0,0,60000000.0,2.93,2,0,0,1007.0,0.9029712391
232247.0,6.2,0,0,60000000.0,2.19,3,510.0,0,316.0,0.9241723657
15329.0,6.8,0,0,11000000.0,0,3,0,0,427.0,0.9029712391
124690.0,5.8,0,0,50000000.0,2.23,3,0,0,867.0,0.9400340884
22850.0,6.5,0,0,40000000.0,0.99,3,0,0,436.0,0.7194038481
391424.0,6.5,0,0,66000000.0,1.85,3,0,0,676.0,0.7147995517
194560.0,6.1,0,0,40000000.0,1.97,4,1592.0,1592.0,663.0,0.6532841
51796.0,7.3,0,0,20000000.0,1.96,4,0,0,130.0,1.284840139
93529.0,7.7,0,0,18000000.0,4.15,4,0,0,867.0,0.9241723657
205044.0,6.1,0,0,0,2.25,3,0,338.0,286.0,0.9400340884
199162.0,5.1,0,0,40000000.0,2.06,4,0,1160.0,868.0,1.040695421
89218.0,7.1,0,0,0,3.71,4,0,0,648.0,0.9241723657
129274.0,7.7,0,0,15000000.0,3.25,3,0,0,652.0,0.9241723657
220035.0,5.0,0,0,5000000.0,0,4,0,0,0,0.9241723657
33804.0,6.6,0,0,0,2.81,4,602.0,602.0,271.0,1.284840139
93616.0,6.2,0,0,30000000.0,2.15,4,0,0,681.0,1.040695421
40510.0,6.5,0,0,5000000.0,2.31,4,0,0,260.0,0.7194038481
89304.0,6.5,0,0,28000000.0,2.36,4,0,0,262.0,1.284840139
50678.0,7.9,0,0,4000000.0,4.36,4,0,0,1235.0,0.9029712391
56101.0,5.5,0,0,100000000.0,1.56,3,0,0,828.0,0.6549129108
56163.0,6.3,0,0,100000000.0,1.88,3,0,0,528.0,0.7194038481
47651.0,6.2,0,0,0,0,4,0,0,1016.0,0.9029712391
41885.0,5.7,0,0,28000000.0,1.48,3,0,0,0,0.6549129108
26805.0,5.1,0,0,65000000.0,1.17,3,0,0,0,0.996680935
44552.0,6.8,0,0,0,3.44,4,0,0,552.0,0.9029712391
28773.0,7.4,0,0,0,0,4,0,0,526.0,1.040695421
40427.0,5.8,0,0,0,0,3,0,0,1436.0,1.284840139
25311.0,7.0,0,0,0,3.39,3,0,0,718.0,0.7147995517
119550.0,6.5,0,0,0,2.5,4,0,0,613.0,0.9400340884
19774.0,8.5,0,0,3300000.0,3.49,4,0,0,534.0,0.996680935
20051.0,7.0,0,0,0,3.58,4,0,0,583.0,2.194908423
113040.0,6.6,0,0,0,2.56,3,1186.0,1186.0,806.0,0.9400340884
16703.0,7.0,0,0,20000000.0,3.83,4,0,0,295.0,0.6549129108
9812.0,6.8,0,0,0,3.41,4,0,0,552.0,1.284840139
53478.0,7.8,0,0,0,3.67,3,0,0,0,0.6549129108
36678.0,7.8,0,0,0,3.81,2,0,0,0,0.6549129108
29620.0,6.8,0,0,0,3.26,4,0,0,0,2.194908423
37312.0,7.4,0,0,0,4.11,3,0,0,0,1.284840139
33108.0,8.1,0,0,0,3.63,4,0,0,0,0.9241723657
20202.0,6.8,0,0,0,3.05,3,0,0,0,0.9400340884
11652.0,8.1,0,0,0,3.09,0,0,0,0,0.9400340884
27695.0,7.4,0,0,0,3.03,3,0,0,467.0,0.9732969783
33478.0,6.6,0,0,0,3.05,4,1496.0,1496.0,1206.0,0.9732969783
5210.0,6.7,0,0,0,3.13,4,0,0,1110.0,0.9241723657
24693.0,7.3,0,0,0,3.51,4,0,0,0,0.9241723657
25257.0,6.5,0,0,0,3.61,4,0,0,0,0.9732969783
451.0,5.4,0,0,0,0,4,1249.0,1249.0,1143.0,0.996680935
40629.0,7.8,0,0,0,3.94,4,0,0,1413.0,2.194908423
17644.0,7.4,0,0,0,4.01,3,0,0,635.0,0.9029712391
13134.0,7.1,0,0,0,3.83,4,0,0,452.0,0.6532841
31801.0,7.6,0,0,0,4.0,4,0,0,0,0.7147995517
11090.0,6.4,0,0,0,0,4,0,0,204.0,0.9029712391
23272.0,8.1,1.0,27.0,0,3.65,2,0,0,1783.0,0.9029712391
51188.0,7.0,0,0,0,3.54,0,1356.0,1356.0,1278.0,0.9241723657
30818.0,8.0,0,0,0,2.88,3,0,0,0,0.7194038481
19894.0,7.8,0,0,0,3.81,0,0,0,0,0.996680935
25650.0,6.4,0,0,0,0,0,0,0,0,0.9732969783
14043.0,6.5,0,0,0,0,0,0,0,0,2.194908423
266247.0,7.2,0,0,0,3.64,0,0,0,0,1.284840139
36720.0,6.1,0,0,0,3.23,0,0,0,0,2.194908423
21060.0,7.4,0,0,0,3.68,0,0,0,731.0,0.9400340884
7111.0,7.1,0,0,0,2.83,0,0,0,1301.0,1.040695421
131967.0,6.3,0,0,0,2.48,0,0,0,0,1.284840139
10403.0,4.6,0,0,0,0,0,0,0,0,0.7194038481
2751512.0,7.5,0,0,130000000.0,3.45,3,0,0,520.0,0.9732969783
1782207.0,7.2,0,0,200000000.0,3.03,3,1878.0,1150.0,549.0,0.6549129108
2475889.0,7.5,0,0,150000000.0,3.6,2,0,0,416.0,0.9241723657
896702.0,7.4,0,0,76000000.0,3.03,2,0,0,422.0,0.7194038481
1134513.0,7.1,0,0,225000000.0,2.54,3,0,0,283.0,0.7194038481
954656.0,7.8,0,0,100000000.0,3.94,3,0,0,534.0,1.284840139
472061.0,7.3,0,0,0,3.03,1,0,0,946.0,1.040695421
4067604.0,7.9,0,0,0,3.49,3,1703.0,0,1016.0,2.194908423
1339372.0,5.1,0,0,160000000.0,1.94,3,0,0,0,0.6532841
811662.0,6.3,0,0,215000000.0,2.35,2,0,0,73.0,0.7147995517
189182.0,7.8,0,0,190000000.0,3.52,3,1896.0,0,778.0,0.6532841
1162406.0,7.0,0,0,170000000.0,2.65,3,0,0,120.0,1.284840139
960378.0,7.0,0,0,190000000.0,2.89,3,0,0,434.0,1.040695421
829993.0,7.2,0,0,135000000.0,2.98,2,0,0,178.0,0.7147995517
359183.0,6.6,0,0,43000000.0,3.06,4,0,0,353.0,0.9400340884
326995.0,7.0,0,0,37000000.0,0,4,0,0,468.0,0.9029712391
414591.0,7.3,0,0,40000000.0,3.92,4,0,0,296.0,0.996680935
533243.0,7.3,0,0,105000000.0,2.91,3,0,0,288.0,0.6532841
194654.0,7.5,0,0,20000000.0,2.97,4,0,0,518.0,0.9029712391
51084.0,5.7,0,0,35000000.0,1.95,4,0,0,525.0,0.6532841
242535.0,5.4,0,0,80000000.0,0.87,3,0,223.0,223.0,1.040695421
827629.0,6.7,0,0,120000000.0,2.35,3,0,0,99.0,1.040695421
175228.0,6.3,0,0,50000000.0,2.39,3,0,436.0,448.0,2.194908423
65506.0,7.5,0,0,40000000.0,2.11,4,0,0,407.0,0.996680935
352816.0,5.8,0,0,130000000.0,1.81,3,0,0,243.0,0.7147995517
350814.0,6.4,0,0,78000000.0,2.48,2,0,1935.0,474.0,0.9732969783
120290.0,7.3,0,0,75000000.0,2.77,3,0,0,1220.0,1.040695421
821833.0,8.2,0,0,100000000.0,3.36,4,560.0,0,237.0,0.9241723657
139777.0,7.2,0,0,30000000.0,2.89,3,0,0,1005.0,1.284840139
1236797.0,5.9,0,0,103000000.0,1.48,4,0,0,937.0,0.6532841
401824.0,6.7,0,0,100000000.0,2.63,2,0,0,817.0,0.6532841
369129.0,7.8,0,0,55000000.0,3.54,3,0,0,177.0,1.284840139
67167.0,6.5,0,0,15000000.0,2.12,4,0,0,0,1.284840139
519159.0,6.9,0,0,190000000.0,2.85,3,613.0,613.0,606.0,0.9400340884
20881.0,6.6,0,0,32000000.0,2.72,4,342.0,342.0,345.0,1.284840139
169420.0,6.5,0,0,70000000.0,1.49,4,1442.0,0,423.0,0.6532841
708821.0,6.6,0,0,115000000.0,3.43,4,0,0,302.0,0.9400340884
1269215.0,5.7,0,0,50000000.0,1.78,2,0,0,0,0.9029712391
561869.0,6.5,0,0,215000000.0,2.79,3,0,0,461.0,1.040695421
690204.0,7.0,0,0,120000000.0,2.67,3,0,0,572.0,0.6549129108
174733.0,6.6,0,0,5000000.0,1.98,3,0,0,0,1.284840139
58373.0,7.5,0,0,35000000.0,3.17,3,0,0,255.0,0.7147995517
605134.0,6.5,0,0,135000000.0,2.47,2,0,0,1053.0,1.284840139
191533.0,6.7,0,0,61000000.0,2.44,4,0,0,165.0,1.284840139
275491.0,6.4,0,0,150000000.0,2.42,3,0,0,554.0,0.9029712391
134728.0,6.2,0,0,15000000.0,2.44,3,0,0,535.0,0.6549129108
816653.0,5.4,0,0,105000000.0,1.58,2,0,0,606.0,0.9029712391
195866.0,5.9,0,0,90000000.0,2.2,2,0,0,23.0,0.9400340884
827582.0,5.3,0,0,92000000.0,1.62,4,0,0,264.0,0.996680935
230917.0,6.3,0,0,195000000.0,2.39,3,0,0,825.0,0.6549129108
83348.0,5.7,0,0,3000000.0,2.01,4,0,0,661.0,1.040695421
96737.0,6.6,0,0,28000000.0,2.11,3,0,0,731.0,0.9732969783
151559.0,6.7,0,0,110000000.0,2.2,3,0,0,264.0,0.9732969783
185581.0,8.1,0,0,46000000.0,3.76,4,1200.0,0,164.0,0.9732969783
464523.0,4.9,0,0,130000000.0,1.65,3,1136.0,1136.0,205.0,0.7194038481
440148.0,7.3,0,0,90000000.0,3.02,2,603.0,0,542.0,0.9241723657
130229.0,8.1,0,0,20000000.0,4.29,4,0,0,602.0,2.194908423
221164.0,7.2,0,0,50000000.0,1.17,4,0,0,0,0.996680935
146840.0,6.5,0,0,17000000.0,1.99,4,0,0,970.0,0.6532841
58090.0,6.7,0,0,84000000.0,1.87,3,0,0,524.0,0.9400340884
28878.0,6.7,0,0,13000000.0,2.73,4,0,0,58.0,0.6532841
149955.0,6.4,0,0,26000000.0,2.08,4,0,0,0,0.9029712391
384702.0,6.7,0,0,60000000.0,2.26,4,0,0,554.0,0.9241723657
45378.0,8.1,0,0,10000000.0,3.6,3,83.0,0,551.0,0.7194038481
148318.0,6.3,0,0,58000000.0,1.75,3,0,1400.0,883.0,0.7194038481
80792.0,6.4,0,0,38000000.0,1.77,4,0,0,1143.0,0.9029712391
198650.0,7.2,0,0,0,3.29,4,0,0,747.0,0.996680935
103423.0,7.6,0,0,12000000.0,4.02,3,0,0,1982.0,2.194908423
56756.0,6.3,0,0,30000000.0,2.21,4,0,0,486.0,0.9732969783
329910.0,5.2,0,0,80000000.0,2.24,2,0,0,424.0,2.194908423
67629.0,5.9,0,0,30000000.0,2.31,4,0,0,440.0,0.9732969783
177140.0,4.8,0,0,0,1.52,4,0,0,713.0,0.996680935
100346.0,7.3,0,0,0,3.8,3,1186.0,1186.0,782.0,0.9400340884
63165.0,7.1,0,0,0,3.29,4,1313.0,0,521.0,0.6549129108
108769.0,3.5,0,0,20000000.0,0.99,3,0,0,1588.0,0.7194038481
261483.0,5.9,0,0,60000000.0,2.32,3,0,0,558.0,0.9400340884
98108.0,6.4,0,0,26000000.0,2.11,3,0,0,629.0,0.9241723657
280853.0,4.1,0,0,10000000.0,1.93,2,0,0,0,0.9400340884
175925.0,6.6,0,0,28000000.0,3.12,4,0,0,319.0,0.9400340884
102202.0,8.0,0,0,5000000.0,3.62,4,0,0,167.0,0.7147995517
192579.0,8.1,0,0,38000000.0,3.53,4,632.0,0,233.0,1.284840139
167229.0,5.9,0,0,40000000.0,1.68,3,0,0,180.0,0.7147995517
56843.0,8.0,0,0,23000000.0,3.71,4,0,0,162.0,0.996680935
146839.0,6.7,0,0,0,2.24,4,0,0,328.0,2.194908423
86960.0,6.6,0,0,3000000.0,2.64,4,729.0,729.0,528.0,1.284840139
24890.0,7.4,0,0,0,3.26,3,0,0,554.0,1.040695421
202530.0,7.6,0,0,0,2.72,3,0,0,1613.0,0.996680935
120413.0,7.3,0,0,15000000.0,3.64,4,0,0,740.0,0.6549129108
211415.0,6.2,0,0,60000000.0,2.65,3,0,0,333.0,0.996680935
190502.0,5.6,0,0,30000000.0,1.79,4,0,0,348.0,0.9029712391
46201.0,6.5,0,0,0,2.94,4,0,0,0,0.9732969783
32072.0,6.8,0,0,0,2.94,3,0,0,951.0,0.996680935
15546.0,7.7,0,0,12000000.0,3.68,4,0,0,0,0.996680935
201279.0,5.3,0,0,25000000.0,2.06,4,587.0,0,459.0,0.9732969783
82034.0,5.9,0,0,12000000.0,2.48,3,1785.0,1930.0,310.0,0.9732969783
42874.0,7.5,0,0,0,4.01,4,0,0,257.0,0.9241723657
114355.0,7.8,0,0,0,2.79,4,0,0,183.0,1.284840139
40810.0,5.3,0,0,5000000.0,3.14,4,0,0,1154.0,0.7194038481
41570.0,7.5,0,0,0,3.94,4,0,0,511.0,0.996680935
3339.0,5.0,0,0,20000000.0,1.17,3,0,0,0,2.194908423
82802.0,7.1,0,0,0,2.96,3,0,0,206.0,0.9241723657
42366.0,7.9,0,0,0,3.54,4,0,0,775.0,0.9029712391
14444.0,5.7,0,0,35000000.0,1.7,3,0,0,790.0,0.9029712391
114018.0,7.2,0,0,5000000.0,3.1,2,0,0,0,2.194908423
86611.0,5.6,0,0,0,3.3,4,0,0,24.0,0.7194038481
31731.0,7.4,0,0,0,3.51,4,0,782.0,519.0,0.9400340884
59341.0,7.8,0,0,0,3.94,0,0,0,0,0.7147995517
14376.0,7.4,0,0,0,3.73,4,0,0,0,0.6549129108
7712.0,6.9,0,0,20000000.0,2.94,4,1785.0,0,688.0,0.7194038481
15633.0,6.5,0,0,0,2.54,4,0,0,0,0.6532841
3596.0,6.3,0,0,0,2.0,3,0,0,520.0,0.996680935
17436.0,7.0,0,0,0,3.05,3,0,0,1060.0,0.7194038481
82117.0,6.0,0,0,0,0,4,0,0,1002.0,0.9732969783
11416.0,7.6,0,0,0,4.11,3,0,0,0,0.7194038481
54684.0,7.2,0,0,0,2.67,3,0,0,1030.0,0.7147995517
21681.0,5.6,0,0,0,0,4,0,0,0,1.040695421
22420.0,7.8,0,0,0,4.08,3,0,0,0,0.996680935
9716.0,6.3,0,0,0,3.23,3,0,0,0,0.9400340884
4899.0,7.5,0,0,0,0,2,0,0,937.0,2.194908423
38466.0,5.7,0,0,0,1.91,4,0,0,1063.0,0.6532841
168910.0,8.3,0,0,0,3.93,4,0,0,841.0,0.6549129108
11771.0,6.9,0,0,0,3.26,4,0,0,1171.0,0.6532841
31787.0,7.4,0,0,0,3.68,4,0,0,0,0.7147995517
10772.0,6.4,0,0,0,0,3,0,0,0,1.040695421
7602.0,6.9,0,0,0,3.61,4,0,0,0,0.9400340884
8842.0,7.6,0,0,0,3.53,0,0,0,0,0.6532841
6090.0,6.9,0,0,0,3.27,0,0,0,0,0.9400340884
4966.0,6.5,0,0,0,3.13,0,0,0,0,1.040695421
67827.0,5.7,0,0,0,2.51,4,0,0,320.0,0.6549129108
19300.0,7.3,0,0,0,4.21,0,0,0,0,0.7147995517
7855.0,7.9,0,0,0,0,4,0,0,365.0,1.040695421
2288528.0,8.1,0,0,220000000.0,0,3,0,0,105.0,0.6549129108
2081565.0,8.4,0,0,250000000.0,0,3,332.0,332.0,152.0,1.040695421
1331296.0,7.2,0,0,78000000.0,0,3,0,0,520.0,0.7147995517
2878058.0,7.8,0,0,200000000.0,0,3,0,0,432.0,1.284840139
3905089.0,7.9,0,0,0,0,3,1703.0,0,1016.0,2.194908423
2312287.0,5.5,0,0,120000000.0,0,3,0,0,0,0.9732969783
1163265.0,7.0,0,0,230000000.0,0,3,0,0,612.0,1.040695421
1507098.0,7.1,0,0,185000000.0,0,2,0,0,616.0,0.9400340884
697034.0,7.0,0,0,50000000.0,0,4,0,0,0,1.284840139
712277.0,6.9,0,0,145000000.0,0,2,0,0,993.0,0.9400340884
192097.0,6.4,0,0,70000000.0,0,2,0,0,776.0,0.7147995517
109640.0,7.7,0,0,165000000.0,0,2,0,0,1704.0,0.996680935
99206.0,7.4,0,0,65000000.0,3.45,3,83.0,0,465.0,0.9241723657
470943.0,5.8,0,0,225000000.0,0,3,0,0,0,0.6532841
1169193.0,8.4,0,0,100000000.0,3.74,4,206.0,206.0,645.0,0.9241723657
1284411.0,6.6,0,0,95000000.0,0,2,0,0,0,0.7194038481
685150.0,6.1,0,0,170000000.0,0,3,0,0,236.0,0.7194038481
562617.0,7.6,0,0,61000000.0,0,3,0,0,300.0,0.9241723657
618972.0,7.1,0,0,85000000.0,0,2,0,0,446.0,1.284840139
410840.0,6.3,0,0,45000000.0,0,3,0,0,298.0,1.284840139
167560.0,7.2,0,0,42000000.0,0,4,0,0,573.0,0.6549129108
255994.0,7.7,0,0,44500000.0,0,4,325.0,0,503.0,0.9732969783
1804827.0,7.0,0,0,130000000.0,0,4,587.0,0,489.0,0.7194038481
324014.0,6.8,0,0,85000000.0,0,4,0,0,145.0,0.996680935
124655.0,6.8,0,0,30000000.0,0,3,0,1944.0,513.0,0.6532841
604439.0,7.9,0,0,120000000.0,0,2,0,0,0,2.194908423
69940.0,6.1,0,0,7000000.0,0,4,1313.0,0,596.0,0.9400340884
416689.0,6.7,0,0,125000000.0,0,3,0,0,349.0,0.9400340884
326245.0,5.8,0,0,79000000.0,0,2,1617.0,0,503.0,0.996680935
361441.0,7.3,0,0,145000000.0,0,2,0,0,713.0,0.9732969783
160532.0,7.4,0,0,40000000.0,3.79,4,0,0,173.0,0.996680935
207261.0,7.3,0,0,31000000.0,3.1,4,0,0,144.0,0.9241723657
105011.0,6.1,0,0,0,0,4,0,0,597.0,0.9029712391
366471.0,6.6,0,0,100000000.0,0,4,0,338.0,338.0,0.9400340884
418046.0,5.8,0,0,150000000.0,0,3,0,0,338.0,0.7147995517
646148.0,7.0,0,0,60000000.0,2.46,3,0,0,70.0,0.9241723657
599289.0,6.2,0,0,150000000.0,0,3,0,0,211.0,0.6532841
526701.0,6.6,0,0,250000000.0,0,3,0,0,767.0,0.7147995517
223365.0,7.4,0,0,30000000.0,0,4,0,0,334.0,0.9029712391
527884.0,5.8,0,0,209000000.0,0,3,0,0,452.0,0.6549129108
65478.0,7.2,0,0,17000000.0,2.61,3,0,0,853.0,0.996680935
51038.0,5.6,0,0,85000000.0,0,2,0,0,448.0,0.7147995517
150495.0,7.1,0,0,12000000.0,0,3,0,0,393.0,0.996680935
106213.0,6.3,0,0,0,0,3,0,0,812.0,0.9029712391
79897.0,6.4,0,0,70000000.0,0,4,0,0,309.0,0.7147995517
145330.0,6.5,0,0,0,0,3,0,0,209.0,0.6549129108
549699.0,6.4,0,0,65000000.0,0,4,0,1104.0,1044.0,0.6532841
237452.0,6.3,0,0,125000000.0,0,3,0,0,688.0,0.9400340884
349558.0,7.2,0,0,18000000.0,0,3,0,0,0,0.6549129108
643923.0,6.7,0,0,50000000.0,0,4,0,0,1051.0,0.6549129108
101787.0,7.0,0,0,60000000.0,0,2,0,0,314.0,0.9029712391
319790.0,6.3,0,0,65000000.0,0,3,0,0,255.0,0.996680935
173515.0,6.7,0,0,0,0,4,0,0,0,0.6549129108
45734.0,6.4,0,0,0,0,3,0,0,569.0,0.6549129108
440183.0,4.6,0,0,5000000.0,0,4,0,0,0,1.284840139
118102.0,4.2,0,0,1000000.0,0,4,0,0,0,0.7147995517
78373.0,6.8,0,0,3000000.0,0,4,0,0,775.0,0.9732969783
209179.0,6.5,0,0,45000000.0,0,4,0,0,416.0,1.284840139
129447.0,7.3,0,0,10000000.0,0,3,0,0,1466.0,0.7147995517
75584.0,7.8,0,0,16000000.0,0,3,112.0,112.0,264.0,0.7194038481
316537.0,6.5,0,0,0,0,2,0,0,339.0,0.996680935
372794.0,5.4,0,0,65000000.0,0,4,0,0,570.0,0.9029712391
28575.0,7.0,0,0,0,0,4,0,0,109.0,0.6532841
36329.0,5.7,0,0,40000000.0,0,3,0,0,577.0,0.6532841
108815.0,8.1,0,0,0,0,1,0,0,0,2.194908423
46554.0,7.6,0,0,7000000.0,0,4,0,0,271.0,0.9732969783
90941.0,5.9,0,0,75000000.0,0,3,0,372.0,504.0,0.7194038481
292647.0,5.9,0,0,69000000.0,0,4,0,0,0,1.040695421
63448.0,7.3,0,0,0,0,4,0,0,378.0,0.9029712391
141406.0,5.7,0,0,68000000.0,0,4,0,342.0,865.0,0.9400340884
41700.0,7.0,0,0,39000000.0,3.77,2,0,0,917.0,0.9241723657
291896.0,6.7,0,0,55000000.0,0,2,0,0,452.0,0.7147995517
152216.0,7.5,0,0,0,3.08,4,0,0,177.0,0.996680935
2027.0,6.5,0,0,35000000.0,0,3,0,0,555.0,1.284840139
45388.0,7.6,0,0,0,0,1,0,0,1388.0,0.9732969783
64683.0,7.6,0,0,0,0,3,0,0,501.0,0.7147995517
50620.0,5.0,0,0,0,0,4,0,0,853.0,0.7194038481
142934.0,6.3,0,0,0,0,4,1186.0,1186.0,1103.0,0.9400340884
37418.0,7.1,0,0,0,3.37,4,899.0,899.0,562.0,0.996680935
87667.0,7.1,0,0,50000000.0,0,4,0,0,486.0,1.284840139
147056.0,6.6,0,0,0,3.36,4,0,0,574.0,0.996680935
105564.0,7.3,0,0,0,4.07,3,0,0,0,0.9241723657
283775.0,8.5,0,0,0,0,4,0,0,0,0.9029712391
75247.0,6.8,0,0,0,0,3,0,0,336.0,0.6549129108
41472.0,6.6,0,0,0,0,4,0,0,0,0.9732969783
13108.0,6.6,0,0,0,0,4,0,122.0,309.0,0.9400340884
28026.0,6.2,0,0,0,0,4,0,0,1609.0,0.6549129108
26241.0,7.9,0,0,8900000.0,0,3,0,0,0,0.9732969783
4238.0,5.9,0,0,0,2.76,4,0,0,975.0,1.040695421
104227.0,6.8,0,0,0,3.01,3,0,0,495.0,0.996680935
1004.0,7.1,0,0,0,0,3,0,0,0,0.9732969783
23193.0,7.5,0,0,0,0,4,0,0,693.0,2.194908423
36266.0,6.7,0,0,0,0,4,0,0,901.0,0.9732969783
78196.0,7.6,0,0,0,0,4,0,0,443.0,0.6549129108
24593.0,7.4,0,0,0,0,3,0,0,0,0.9241723657
18130.0,6.6,0,0,0,0,4,0,0,743.0,1.040695421
140331.0,7.6,0,0,0,0,4,0,0,1301.0,0.9732969783
13183.0,6.2,0,0,0,0,3,0,0,0,0.9400340884
808.0,5.7,0,0,0,0,3,0,0,597.0,0.9732969783
15417.0,5.0,0,0,0,0,4,0,0,867.0,0.9029712391
14157.0,6.1,0,0,0,0,4,0,0,594.0,1.040695421
18838.0,7.1,0,0,0,0,0,0,0,1354.0,0.9732969783
24819.0,6.3,0,0,0,0,3,0,0,0,1.040695421
66777.0,5.3,0,0,0,0,4,0,0,498.0,1.284840139
15542.0,7.3,0,0,0,0,0,0,0,0,0.6532841
9606.0,7.3,0,0,0,0,0,1021.0,1021.0,0,0.996680935
1365475.0,6.2,0,0,0,0,4,0,0,0,0.9241723657
270189.0,6.5,0,0,0,0,0,0,0,153.0,2.194908423
147147.0,5.9,0,0,0,0,4,0,0,0,0.6549129108
33072.0,6.1,0,0,0,0,0,0,0,0,0.7147995517
31221.0,6.4,0,0,0,0,0,0,0,1394.0,0.7147995517
3425257.0,8.1,0,0,0,0,3,0,0,0,1.040695421
1216066.0,6.3,0,0,195000000.0,0,3,1448.0,0,257.0,0.7194038481
2350930.0,6.4,0,0,110000000.0,0,3,0,0,0,0.9732969783
1122607.0,6.5,0,0,80000000.0,0,4,0,0,937.0,0.6532841
3419675.0,6.6,0,0,250000000.0,0,3,0,0,650.0,0.6532841
960030.0,7.3,0,0,125000000.0,0,3,0,0,165.0,0.6532841
1050893.0,7.4,0,0,145000000.0,0,3,1450.0,0,371.0,0.9241723657
2006735.0,6.2,0,0,200000000.0,0,1,0,0,929.0,0.9400340884
1145200.0,7.5,0,0,0,0,3,1670.0,0,510.0,2.194908423
623099.0,7.0,0,0,150000000.0,0,3,510.0,0,272.0,0.6549129108
600908.0,7.6,0,0,93000000.0,0,3,0,0,109.0,0.9400340884
502855.0,6.9,0,0,140000000.0,0,3,0,0,259.0,0.9400340884
131567.0,8.1,0,0,25000000.0,0,3,0,0,213.0,0.9029712391
381072.0,6.8,0,0,32500000.0,0,4,0,482.0,920.0,1.040695421
545729.0,7.3,0,0,150000000.0,0,2,0,0,535.0,0.7194038481
1153161.0,6.7,0,0,130000000.0,0,2,0,0,439.0,0.996680935
622813.0,7.8,0,0,160000000.0,0,3,0,0,171.0,0.7194038481
555913.0,6.9,0,0,90000000.0,0,1,0,0,0,0.6549129108
1118644.0,5.5,0,0,110000000.0,0,2,0,0,1459.0,0.9029712391
418866.0,4.4,0,0,75000000.0,0,1,0,0,1468.0,2.194908423
522919.0,7.0,0,0,50000000.0,0,3,1896.0,1896.0,1159.0,0.7194038481
309628.0,7.2,0,0,135000000.0,0,2,0,0,271.0,0.7147995517
136641.0,6.9,0,0,35000000.0,0,4,0,1935.0,986.0,0.9400340884
253634.0,5.5,0,0,63000000.0,0,2,0,0,744.0,0.6549129108
212626.0,5.8,0,0,5000000.0,0,4,0,0,0,1.284840139
218627.0,6.4,0,0,80000000.0,0,3,0,0,351.0,0.996680935
440929.0,7.8,0,0,90000000.0,3.4,4,779.0,0,176.0,2.194908423
242254.0,5.7,0,0,20000000.0,0,4,0,0,868.0,0.7194038481
220676.0,6.0,0,0,163000000.0,0,3,0,0,258.0,0.9400340884
144787.0,7.0,0,0,0,0,1,0,0,0,0.7147995517
365227.0,5.8,0,0,120000000.0,0,3,0,342.0,776.0,0.9241723657
337924.0,7.8,0,0,0,0,1,0,0,0,0.9241723657
248442.0,7.1,0,0,0,0,3,0,0,183.0,0.9732969783
234677.0,7.4,0,0,50000000.0,0,3,0,0,481.0,0.9029712391
129884.0,5.8,0,0,70000000.0,0,3,0,0,0,0.6549129108
316836.0,6.0,0,0,75000000.0,0,4,0,0,604.0,0.9732969783
183040.0,7.3,0,0,0,0,4,0,0,335.0,0.9241723657
57893.0,5.2,0,0,80000000.0,0,2,0,0,743.0,0.9029712391
149917.0,7.2,0,0,66000000.0,0,3,83.0,0,1493.0,0.996680935
97576.0,7.8,0,0,27000000.0,0,3,0,0,774.0,0.6549129108
180014.0,6.2,0,0,75000000.0,0,3,0,0,1012.0,0.9732969783
2288201.0,7.4,0,0,0,0,2,83.0,0,307.0,1.284840139
318336.0,6.6,0,0,60000000.0,0,3,1313.0,0,502.0,1.284840139
16790.0,7.6,0,0,50000000.0,0,3,0,1930.0,347.0,2.194908423
41770.0,3.4,0,0,79000000.0,0,2,0,223.0,446.0,0.7147995517
185041.0,6.4,0,0,0,0,2,560.0,0,101.0,0.7147995517
130817.0,1.6,0,0,13000000.0,0,1,0,0,0,0.7147995517
92601.0,6.2,0,0,25000000.0,0,4,0,0,553.0,0.6549129108
139001.0,6.0,0,0,55000000.0,0,2,0,0,158.0,1.040695421
249225.0,5.9,0,0,0,0,2,0,0,640.0,2.194908423
36408.0,6.9,0,0,30000000.0,0,3,0,0,364.0,0.7194038481
228984.0,7.1,0,0,50200000.0,0,3,0,0,122.0,0.7147995517
261858.0,6.9,0,0,38000000.0,0,3,0,0,937.0,0.6549129108
52061.0,7.3,0,0,40000000.0,0,4,0,0,608.0,0.6532841
177713.0,7.7,0,0,17000000.0,0,3,1186.0,1186.0,533.0,0.9029712391
204881.0,6.6,0,0,35000000.0,0,4,0,0,123.0,0.9029712391
539792.0,6.1,0,0,60000000.0,0,3,0,0,692.0,0.7147995517
90767.0,7.5,0,0,32000000.0,0,3,0,0,313.0,0.9400340884
156244.0,5.7,0,0,56000000.0,0,3,0,0,728.0,2.194908423
66269.0,6.8,0,0,1500000.0,0,3,0,0,558.0,0.6532841
273430.0,7.1,0,0,0,0,2,0,0,170.0,2.194908423
129239.0,7.9,0,0,15000000.0,0,3,0,0,599.0,0.7147995517
120836.0,5.9,0,0,40000000.0,0,4,0,0,0,0.9029712391
79326.0,7.1,0,0,0,0,4,429.0,429.0,854.0,0.9732969783
32768.0,6.8,0,0,30000000.0,0,3,0,0,478.0,1.040695421
116330.0,5.9,0,0,35000000.0,0,3,0,0,54.0,0.7194038481
305730.0,3.5,0,0,27000000.0,0,2,0,0,1219.0,0.9029712391
265755.0,6.2,0,0,40000000.0,0,4,0,0,778.0,0.6549129108
130803.0,4.4,0,0,32000000.0,0,3,0,0,971.0,0.7147995517
147487.0,5.4,0,0,42000000.0,0,3,0,0,453.0,0.6549129108
366971.0,6.7,0,0,40000000.0,0,3,0,0,381.0,1.284840139
69781.0,6.6,0,0,35000000.0,0,4,258.0,0,393.0,0.9241723657
80534.0,6.4,0,0,40000000.0,0,3,0,0,156.0,0.9029712391
249302.0,6.1,0,0,82000000.0,0,3,0,0,532.0,0.6549129108
75952.0,6.1,0,0,30000000.0,0,3,177.0,177.0,318.0,0.9029712391
134476.0,7.8,0,0,15000000.0,0,4,0,0,422.0,0.9732969783
31862.0,7.7,0,0,8000000.0,0,4,0,0,461.0,0.9241723657
122043.0,6.0,0,0,37000000.0,0,3,0,0,514.0,0.7147995517
32894.0,5.7,0,0,40000000.0,0,3,0,0,414.0,0.6532841
26209.0,6.9,0,0,0,0,3,0,0,270.0,0.996680935
322071.0,6.4,0,0,0,0,3,0,0,579.0,0.996680935
127312.0,5.7,0,0,60000000.0,0,3,0,0,613.0,0.7194038481
335002.0,7.2,0,0,30000000.0,0,1,0,0,0,1.284840139
140210.0,7.1,0,0,0,0,4,0,0,0,2.194908423
539359.0,5.9,0,0,30000000.0,0,4,0,0,0,0.996680935
259336.0,4.9,0,0,30000000.0,0,3,0,0,1388.0,0.9241723657
134093.0,5.2,0,0,90000000.0,0,4,0,0,651.0,0.9400340884
18091.0,4.0,0,0,25000000.0,0,3,0,0,0,2.194908423
67220.0,6.4,0,0,30000000.0,0,4,0,69.0,492.0,1.284840139
102264.0,7.0,0,0,0,0,4,0,0,477.0,0.9241723657
246025.0,7.0,0,0,15000000.0,0,3,0,0,313.0,1.284840139
41614.0,6.8,0,0,32000000.0,0,3,0,0,433.0,0.6532841
24633.0,6.2,0,0,45000000.0,0,4,0,0,530.0,0.9241723657
57187.0,7.4,0,0,0,0,3,0,0,761.0,0.9029712391
21159.0,5.8,0,0,25000000.0,0,4,0,0,499.0,1.284840139
28263.0,4.9,0,0,24000000.0,0,3,0,0,1002.0,0.9732969783
439570.0,6.3,0,0,45000000.0,0,2,0,0,1102.0,1.284840139
25990.0,7.5,0,0,0,0,3,0,0,1825.0,0.996680935
31155.0,8.3,0,0,0,0,3,0,0,0,0.9029712391
9043.0,7.2,0,0,3200000.0,0,4,0,0,986.0,1.040695421
21208.0,6.5,0,0,0,0,4,0,0,385.0,0.9732969783
34821.0,7.5,0,0,0,0,4,0,0,800.0,0.9732969783
2827.0,6.9,0,0,30000000.0,0,3,0,0,1493.0,0.9241723657
30680.0,7.2,0,0,0,0,3,0,0,0,0.9241723657
81906.0,8.8,0,0,0,0,0,0,0,0,0.9241723657
27218.0,7.7,0,0,0,0,2,0,0,0,1.284840139
56701.0,7.6,0,0,0,0,4,0,0,604.0,2.194908423
111257.0,7.1,0,0,0,0,4,1356.0,1356.0,986.0,0.6532841
16863.0,6.9,0,0,0,0,4,0,0,401.0,2.194908423
34144.0,7.3,0,0,30000000.0,0,3,0,0,801.0,0.7147995517
41758.0,7.2,0,0,0,0,4,0,0,628.0,0.996680935
999.0,3.3,0,0,10000000.0,0,4,0,223.0,1238.0,1.284840139
18498.0,8.2,0,0,6800000.0,0,4,0,0,0,0.9400340884
22616.0,6.0,0,0,0,0,0,0,0,0,0.9400340884
16111.0,7.5,0,0,0,0,4,843.0,843.0,1013.0,0.996680935
39410.0,7.3,0,0,0,0,0,0,0,0,0.7147995517
232957.0,7.7,0,0,5500000.0,0,4,0,0,0,1.284840139
9466.0,7.1,0,0,0,0,0,0,0,0,0.9400340884
30049.0,7.2,0,0,0,0,0,0,0,0,0.996680935
20040.0,7.2,0,0,0,0,0,0,0,0,2.194908423
28879.0,7.3,0,0,0,0,4,0,0,214.0,0.9400340884
24120.0,6.9,0,0,0,0,0,0,0,0,0.6549129108
11501.0,5.8,0,0,12000000.0,0,4,0,0,873.0,0.6532841
15899.0,6.6,0,0,0,0,0,0,0,1021.0,0.9241723657
12488.0,7.6,0,0,0,0,0,0,0,0,0.9400340884
1553489.0,8.3,0,0,200000000.0,0,1,0,0,770.0,0.9400340884
1400636.0,6.5,0,0,200000000.0,0,2,0,0,776.0,0.7147995517
527540.0,7.0,0,0,200000000.0,0,3,602.0,964.0,614.0,0.6549129108
1164726.0,5.0,0,0,68000000.0,0,3,0,0,803.0,0.7194038481
2839146.0,7.7,0,0,0,0,3,0,0,0,0.9732969783
1030783.0,8.8,0,0,160000000.0,0,3,332.0,332.0,405.0,1.040695421
530655.0,7.7,0,0,69000000.0,0,2,0,0,761.0,1.284840139
352906.0,6.3,0,0,165000000.0,0,2,0,0,797.0,1.040695421
578187.0,8.1,0,0,165000000.0,0,2,0,0,880.0,0.7147995517
1828543.0,7.8,0,0,260000000.0,0,2,0,0,602.0,0.996680935
339716.0,7.2,0,0,40000000.0,0,2,0,0,437.0,0.9400340884
544951.0,6.8,0,0,170000000.0,0,2,0,0,691.0,2.194908423
325706.0,7.6,0,0,38000000.0,0,3,0,0,456.0,0.996680935
517249.0,5.8,0,0,125000000.0,0,3,0,0,597.0,0.6549129108
245176.0,6.0,0,0,80000000.0,0,3,0,223.0,337.0,0.9400340884
373155.0,5.5,0,0,100000000.0,0,3,0,0,389.0,0.9241723657
236940.0,7.3,0,0,130000000.0,0,2,0,0,381.0,2.194908423
395820.0,8.0,0,0,15000000.0,0,4,0,0,1228.0,0.996680935
548301.0,4.2,0,0,150000000.0,0,2,1136.0,1136.0,0,1.284840139
459203.0,8.1,0,0,80000000.0,0,4,560.0,0,825.0,0.996680935
239983.0,6.7,0,0,100000000.0,0,3,0,0,367.0,1.284840139
255389.0,6.4,0,0,110000000.0,0,3,0,0,809.0,0.9029712391
4668.0,7.0,0,0,20000000.0,0,4,0,0,0,0.9732969783
37736.0,5.7,0,0,52000000.0,0,3,0,0,386.0,0.996680935
396048.0,8.0,0,0,13000000.0,0,4,1608.0,0,519.0,0.7147995517
852841.0,6.7,0,0,200000000.0,0,3,0,0,0,0.6532841
1174539.0,6.3,0,0,155000000.0,0,2,0,0,664.0,2.194908423
220680.0,6.5,0,0,80000000.0,0,4,338.0,338.0,286.0,0.9400340884
422217.0,6.6,0,0,65000000.0,0,4,0,0,302.0,0.9732969783
374083.0,4.6,0,0,80000000.0,0,2,0,0,326.0,0.9241723657
399104.0,7.7,0,0,40000000.0,0,3,779.0,1930.0,1309.0,1.284840139
1155874.0,4.4,0,0,100000000.0,0,4,0,0,0,0.6532841
126540.0,7.8,0,0,25000000.0,0,4,0,0,207.0,0.7147995517
151911.0,7.6,0,0,37000000.0,0,4,325.0,325.0,489.0,2.194908423
435143.0,6.6,0,0,200000000.0,0,3,0,0,300.0,0.6532841
76585.0,7.1,0,0,58000000.0,0,3,0,0,0,0.9732969783
255909.0,6.8,0,0,95000000.0,0,2,0,0,0,0.996680935
144900.0,5.7,0,0,3000000.0,0,4,0,0,891.0,1.284840139
149091.0,6.8,0,0,100000000.0,0,3,0,0,313.0,0.9732969783
203032.0,5.7,0,0,60000000.0,0,3,0,0,630.0,1.284840139
31671.0,6.3,0,0,25000000.0,0,3,0,0,603.0,0.7194038481
234218.0,7.6,0,0,110000000.0,0,3,0,0,0,0.7194038481
365390.0,6.3,0,0,117000000.0,0,3,0,0,0,1.040695421
11535.0,5.9,0,0,69000000.0,0,3,0,0,412.0,0.9029712391
437062.0,6.0,0,0,100000000.0,0,3,0,0,317.0,0.9241723657
123168.0,5.5,0,0,40000000.0,0,3,0,0,170.0,0.7147995517
318349.0,6.1,0,0,150000000.0,0,2,0,0,873.0,1.040695421
113222.0,5.2,0,0,35000000.0,0,4,0,0,43.0,0.6532841
290800.0,5.8,0,0,150000000.0,0,4,0,0,374.0,0.996680935
6287.0,6.4,0,0,40000000.0,0,4,0,1160.0,469.0,0.9400340884
649300.0,5.9,0,0,60000000.0,0,4,0,0,942.0,0.9029712391
39404.0,7.1,0,0,8000000.0,0,3,0,0,920.0,2.194908423
197450.0,7.0,0,0,80000000.0,0,2,0,0,0,1.284840139
18130.0,6.6,0,0,30000000.0,0,2,0,0,1027.0,1.040695421
531944.0,6.2,0,0,70000000.0,0,3,0,0,684.0,0.9029712391
289244.0,6.4,0,0,40000000.0,0,4,0,0,621.0,0.9400340884
159251.0,7.6,0,0,30000000.0,0,4,0,0,271.0,0.6549129108
69967.0,5.4,0,0,75000000.0,0,3,0,0,900.0,0.7194038481
761883.0,5.6,0,0,20000000.0,0,4,0,0,0,1.284840139
167620.0,5.9,0,0,85000000.0,0,2,0,0,0,0.9400340884
113087.0,6.6,0,0,80000000.0,0,4,0,0,423.0,0.996680935
381370.0,4.9,0,0,112000000.0,0,2,0,0,610.0,0.996680935
150856.0,6.4,0,0,55000000.0,0,3,0,0,924.0,0.9241723657
162328.0,3.4,0,0,20000000.0,0,3,0,0,453.0,0.9400340884
114634.0,6.3,0,0,20000000.0,0,4,0,0,429.0,0.9029712391
171836.0,6.8,0,0,100000000.0,0,4,0,0,550.0,0.7147995517
143710.0,4.2,0,0,50000000.0,0,2,0,0,632.0,0.9029712391
93767.0,6.2,0,0,0,0,3,0,1136.0,0,0.9732969783
28329.0,6.5,0,0,50000000.0,0,3,258.0,0,125.0,0.996680935
287179.0,6.7,0,0,30000000.0,0,4,0,0,379.0,0.9241723657
10594.0,6.4,0,0,20000000.0,0,4,0,0,616.0,0.7194038481
42231.0,7.5,0,0,60000000.0,0,3,742.0,742.0,748.0,1.284840139
28306.0,6.5,0,0,40000000.0,0,3,0,0,684.0,0.996680935
55299.0,6.5,0,0,20000000.0,0,4,0,0,901.0,0.9241723657
34273.0,6.1,0,0,35000000.0,0,2,0,333.0,577.0,0.7194038481
27318.0,5.8,0,0,19000000.0,0,3,0,0,551.0,1.284840139
17613.0,6.6,0,0,10500000.0,0,4,0,0,176.0,1.284840139
77361.0,5.5,0,0,24000000.0,0,4,0,0,914.0,2.194908423
28530.0,6.5,0,0,52000000.0,0,4,0,0,638.0,0.7147995517
131476.0,7.4,0,0,30000000.0,0,3,0,0,356.0,2.194908423
59461.0,7.0,0,0,4000000.0,0,4,0,0,807.0,0.9029712391
78624.0,7.8,0,0,80000000.0,0,1,0,0,1002.0,1.284840139
120783.0,8.5,0,0,16000000.0,0,3,0,0,1402.0,0.7147995517
155500.0,7.6,0,0,18000000.0,0,4,1785.0,1785.0,123.0,0.996680935
31742.0,6.3,0,0,32000000.0,0,4,0,0,1142.0,0.9029712391
13268.0,3.8,0,0,35000000.0,0,2,0,0,319.0,0.7194038481
85463.0,7.2,0,0,45000000.0,0,3,0,0,872.0,0.6549129108
21885.0,6.5,0,0,18000000.0,0,4,0,0,1306.0,0.6532841
1994515.0,7.8,0,0,13000000.0,0,4,779.0,0,176.0,0.996680935
33019.0,6.8,0,0,22000000.0,0,3,0,0,960.0,0.9732969783
2304468.0,7.2,0,0,0,0,4,0,0,387.0,0.9029712391
7659.0,7.0,0,0,18000000.0,0,4,0,0,477.0,0.6549129108
119802.0,7.2,0,0,2000000.0,0,4,0,0,57.0,0.9241723657
1450023.0,7.3,0,0,0,0,4,0,0,387.0,0.9732969783
17655.0,7.0,0,0,0,0,4,0,0,812.0,1.040695421
12551.0,7.4,0,0,0,0,2,0,0,1904.0,0.9029712391
3183.0,8.3,0,0,2000000.0,0,3,0,0,235.0,0.996680935
17408.0,6.1,0,0,0,0,4,0,275.0,553.0,0.6532841
109151.0,6.3,0,0,22000000.0,0,4,1186.0,1186.0,485.0,1.284840139
33851.0,7.3,0,0,8000000.0,0,3,0,0,0,0.9241723657
24107.0,7.9,0,0,13000000.0,0,4,0,0,0,0.7147995517
141847.0,6.6,0,0,13000000.0,0,4,0,0,392.0,0.996680935
67317.0,6.3,0,0,7000000.0,0,4,0,0,161.0,1.284840139
11717.0,6.4,0,0,0,0,4,0,0,0,2.194908423
27732.0,6.5,0,0,10000000.0,0,4,0,0,956.0,0.6532841
16583.0,7.2,0,0,0,0,4,0,0,1181.0,0.7147995517
14661.0,7.2,0,0,42000000.0,0,4,0,0,0,0.9400340884
14423.0,7.2,0,0,7000000.0,0,4,0,0,798.0,1.284840139
105543.0,7.0,0,0,0,0,4,0,0,147.0,1.284840139
12200.0,7.0,0,0,0,0,0,0,0,0,1.040695421
8980.0,6.9,0,0,0,0,0,0,0,0,0.6549129108
57916.0,7.3,0,0,3000000.0,0,0,0,0,283.0,0.9241723657
8269.0,6.4,0,0,4500000.0,0,4,0,0,682.0,0.9400340884
4619.0,7.7,0,0,0,0,4,0,0,148.0,1.040695421
27429.0,5.9,0,0,0,0,0,0,0,1825.0,0.9029712391
22196.0,7.2,0,0,0,0,0,0,0,0,0.9029712391
5874.0,6.5,0,0,0,0,3,0,0,955.0,0.9241723657
13108.0,6.5,0,0,0,3.52,0,0,0,0,0.9400340884
42925.0,7.2,0,0,0,0,0,0,0,387.0,0.9029712391
